Replicate Name;Protein Name;Precursor Mz;Product Mz;Fragment Ion;Area;Transition Note;Peptide Sequence
Spl1;Signature_15bact;714,37808;858,467957;y9;#N/A;;AAAENIIPNSTGAAK
Spl1;Signature_15bact;714,37808;745,383893;y8;#N/A;x;AAAENIIPNSTGAAK
Spl1;Signature_15bact;714,37808;214,118617;b3;#N/A;;AAAENIIPNSTGAAK
Spl1;Signature_15bact;714,37808;570,288202;b6;#N/A;;AAAENIIPNSTGAAK
Spl1;Signature_15bact;536,31148;858,504343;y8;#N/A;;AAASIVVVDAR
Spl1;Signature_15bact;536,31148;771,472314;y7;#N/A;;AAASIVVVDAR
Spl1;Signature_15bact;536,31148;658,38825;y6;#N/A;x;AAASIVVVDAR
Spl1;Signature_15bact;536,31148;559,319837;y5;#N/A;;AAASIVVVDAR
Spl1;Signature_15bact;685,37534;844,452307;y9;#N/A;;AGAVNIVPNSTGAAK
Spl1;Signature_15bact;685,37534;745,383893;y8;#N/A;x;AGAVNIVPNSTGAAK
Spl1;Signature_15bact;685,37534;200,102967;b3;#N/A;;AGAVNIVPNSTGAAK
Spl1;Signature_15bact;685,37534;299,171381;b4;#N/A;;AGAVNIVPNSTGAAK
Spl1;Signature_15bact;694,344237;1016,5371;y9;1190326;x;AGGDAPDQTTSIVR
Spl1;Signature_15bact;694,344237;919,484336;y8;104413;;AGGDAPDQTTSIVR
Spl1;Signature_15bact;694,344237;804,457393;y7;159737;;AGGDAPDQTTSIVR
Spl1;Signature_15bact;694,344237;301,11426;b4;285794;;AGGDAPDQTTSIVR
Spl1;Signature_15bact;617,325316;950,453764;y10;#N/A;;AIVAATESGSTAR
Spl1;Signature_15bact;617,325316;879,41665;y9;#N/A;;AIVAATESGSTAR
Spl1;Signature_15bact;617,325316;808,379536;y8;#N/A;x;AIVAATESGSTAR
Spl1;Signature_15bact;617,325316;578,289265;y6;#N/A;;AIVAATESGSTAR
Spl1;Signature_15bact;545,816398;777,46175;y7;#N/A;;ALELIGVGYR
Spl1;Signature_15bact;545,816398;664,377686;y6;#N/A;;ALELIGVGYR
Spl1;Signature_15bact;545,816398;551,293622;y5;#N/A;x;ALELIGVGYR
Spl1;Signature_15bact;545,816398;314,171047;b3;#N/A;;ALELIGVGYR
Spl1;Signature_15bact;541,305666;897,482879;y7;785593;x;ALLDFFLSR
Spl1;Signature_15bact;541,305666;784,398815;y6;631888;;ALLDFFLSR
Spl1;Signature_15bact;541,305666;669,371872;y5;484094;;ALLDFFLSR
Spl1;Signature_15bact;541,305666;522,303458;y4;338213;;ALLDFFLSR
Spl1;Signature_15bact;575,845156;784,45633;y8;#N/A;;APVVVPAGVDVK
Spl1;Signature_15bact;575,845156;685,387916;y7;#N/A;x;APVVVPAGVDVK
Spl1;Signature_15bact;575,845156;268,165568;b3;#N/A;;APVVVPAGVDVK
Spl1;Signature_15bact;575,845156;367,233982;b4;#N/A;;APVVVPAGVDVK
Spl1;Signature_15bact;604,829703;724,387582;y6;#N/A;x;AQSVVDYLVSK
Spl1;Signature_15bact;604,829703;609,360639;y5;#N/A;;AQSVVDYLVSK
Spl1;Signature_15bact;604,829703;446,29731;y4;#N/A;;AQSVVDYLVSK
Spl1;Signature_15bact;604,829703;333,213246;y3;#N/A;;AQSVVDYLVSK
Spl1;Signature_15bact;639,346051;1078,589135;y9;170483;;AQYVLAEQVTR
Spl1;Signature_15bact;639,346051;915,525807;y8;85293;;AQYVLAEQVTR
Spl1;Signature_15bact;639,346051;816,457393;y7;217478;x;AQYVLAEQVTR
Spl1;Signature_15bact;639,346051;703,373329;y6;167784;;AQYVLAEQVTR
Spl1;Signature_15bact;645,843676;1056,579633;y10;860530;;AYGSTNPINVVR
Spl1;Signature_15bact;645,843676;912,526141;y8;397345;;AYGSTNPINVVR
Spl1;Signature_15bact;645,843676;811,478462;y7;887320;;AYGSTNPINVVR
Spl1;Signature_15bact;645,843676;697,435535;y6;2228423;x;AYGSTNPINVVR
Spl1;Signature_15bact;725,839122;1032,485733;y10;#N/A;x;DGFVDGWAQAGTAR
Spl1;Signature_15bact;725,839122;917,45879;y9;#N/A;;DGFVDGWAQAGTAR
Spl1;Signature_15bact;725,839122;674,358013;y7;#N/A;;DGFVDGWAQAGTAR
Spl1;Signature_15bact;725,839122;320,124097;b3;#N/A;;DGFVDGWAQAGTAR
Spl1;Signature_15bact;719,820929;1032,485733;y10;889699;;DGYADGWAQAGTAR
Spl1;Signature_15bact;719,820929;917,45879;y9;967869;;DGYADGWAQAGTAR
Spl1;Signature_15bact;719,820929;674,358013;y7;1581167;x;DGYADGWAQAGTAR
Spl1;Signature_15bact;719,820929;475,262322;y5;723802;;DGYADGWAQAGTAR
Spl1;Signature_15bact;466,758018;543,313689;y5;#N/A;x;EFIPAVEK
Spl1;Signature_15bact;466,758018;446,260925;y4;#N/A;;EFIPAVEK
Spl1;Signature_15bact;466,758018;375,223811;y3;#N/A;;EFIPAVEK
Spl1;Signature_15bact;466,758018;272,160482;y5;#N/A;;EFIPAVEK
Spl1;Signature_15bact;599,311007;992,552356;y10;#N/A;;ESQSTTGIGEGIAIPHAK
Spl1;Signature_15bact;599,311007;806,488299;y8;#N/A;;ESQSTTGIGEGIAIPHAK
Spl1;Signature_15bact;599,311007;636,382771;y6;#N/A;;ESQSTTGIGEGIAIPHAK
Spl1;Signature_15bact;599,311007;452,261593;y4;#N/A;x;ESQSTTGIGEGIAIPHAK
Spl1;Signature_15bact;633,838059;1038,557835;y9;410610;;EVPVDVQPEVR
Spl1;Signature_15bact;633,838059;842,436657;y7;821169;x;EVPVDVQPEVR
Spl1;Signature_15bact;633,838059;727,409714;y6;322271;;EVPVDVQPEVR
Spl1;Signature_15bact;633,838059;500,282723;y4;550165;;EVPVDVQPEVR
Spl1;Signature_15bact;610,272552;1001,4323;y9;#N/A;;FAEAGSFDYGR
Spl1;Signature_15bact;610,272552;872,389707;y8;#N/A;;FAEAGSFDYGR
Spl1;Signature_15bact;610,272552;801,352593;y7;#N/A;x;FAEAGSFDYGR
Spl1;Signature_15bact;610,272552;395,203744;y3;#N/A;;FAEAGSFDYGR
Spl1;Signature_15bact;702,895908;1014,630606;y10;#N/A;;FGGESVLAGSIIVR
Spl1;Signature_15bact;702,895908;828,530164;y8;#N/A;x;FGGESVLAGSIIVR
Spl1;Signature_15bact;702,895908;715,4461;y7;#N/A;;FGGESVLAGSIIVR
Spl1;Signature_15bact;702,895908;644,408986;y6;#N/A;;FGGESVLAGSIIVR
Spl1;Signature_15bact;665,327103;810,410442;y8;#N/A;x;FIHHYNFPQFSVGSTGR
Spl1;Signature_15bact;665,327103;663,342029;y7;#N/A;;FIHHYNFPQFSVGSTGR
Spl1;Signature_15bact;665,327103;477,241586;y5;#N/A;;FIHHYNFPQFSVGSTGR
Spl1;Signature_15bact;665,327103;398,218666;b3;#N/A;;FIHHYNFPQFSVGSTGR
Spl1;Signature_15bact;710,862597;1145,590926;y11;#N/A;x;FQAATGQLEQTAR
Spl1;Signature_15bact;710,862597;1074,553812;y10;#N/A;;FQAATGQLEQTAR
Spl1;Signature_15bact;710,862597;1003,516699;y9;#N/A;;FQAATGQLEQTAR
Spl1;Signature_15bact;710,862597;902,46902;y8;#N/A;;FQAATGQLEQTAR
Spl1;Signature_15bact;533,293622;737,405297;y7;1834959;;GATVLPHGTGR
Spl1;Signature_15bact;533,293622;624,321233;y6;10353598;x;GATVLPHGTGR
Spl1;Signature_15bact;533,293622;390,209558;y4;1171437;;GATVLPHGTGR
Spl1;Signature_15bact;533,293622;230,113532;b3;2098792;;GATVLPHGTGR
Spl1;Signature_15bact;482,764166;647,347114;y7;4955407;;GFLIGGTSGR
Spl1;Signature_15bact;482,764166;534,26305;y6;13322834;x;GFLIGGTSGR
Spl1;Signature_15bact;482,764166;477,241586;y5;2879943;;GFLIGGTSGR
Spl1;Signature_15bact;482,764166;318,181218;b3;8641037;;GFLIGGTSGR
Spl1;Signature_15bact;670,838256;819,457058;y8;#N/A;;GFTSEITVTSNGK
Spl1;Signature_15bact;670,838256;706,372994;y7;#N/A;x;GFTSEITVTSNGK
Spl1;Signature_15bact;670,838256;506,256902;y5;#N/A;;GFTSEITVTSNGK
Spl1;Signature_15bact;670,838256;405,209223;y4;#N/A;;GFTSEITVTSNGK
Spl1;Signature_15bact;557,816398;944,519993;y8;#N/A;;GIEISVPFPR
Spl1;Signature_15bact;557,816398;815,4774;y7;#N/A;;GIEISVPFPR
Spl1;Signature_15bact;557,816398;702,393336;y6;#N/A;;GIEISVPFPR
Spl1;Signature_15bact;557,816398;516,292893;y4;#N/A;x;GIEISVPFPR
Spl1;Signature_15bact;586,306926;904,448285;y9;#N/A;;GIPANSISAEGR
Spl1;Signature_15bact;586,306926;833,411171;y8;#N/A;x;GIPANSISAEGR
Spl1;Signature_15bact;586,306926;719,368243;y7;#N/A;;GIPANSISAEGR
Spl1;Signature_15bact;586,306926;519,252151;y5;#N/A;;GIPANSISAEGR
Spl1;Signature_15bact;621,974283;1177,548393;y9;#N/A;;GITINTSHIEYETETR
Spl1;Signature_15bact;621,974283;1040,489481;y8;#N/A;;GITINTSHIEYETETR
Spl1;Signature_15bact;621,974283;927,405417;y7;#N/A;x;GITINTSHIEYETETR
Spl1;Signature_15bact;621,974283;798,362824;y6;#N/A;;GITINTSHIEYETETR
Spl1;Signature_15bact;702,865139;1099,585447;y10;#N/A;;GTFANNVNELLGR
Spl1;Signature_15bact;702,865139;1028,548333;y9;#N/A;;GTFANNVNELLGR
Spl1;Signature_15bact;702,865139;701,394064;y6;#N/A;x;GTFANNVNELLGR
Spl1;Signature_15bact;702,865139;458,308544;y4;#N/A;;GTFANNVNELLGR
Spl1;Signature_15bact;406,200111;657,299101;y5;#N/A;;HHITADGFYR
Spl1;Signature_15bact;406,200111;542,272158;y4;#N/A;x;HHITADGFYR
Spl1;Signature_15bact;406,200111;388,209164;b3;#N/A;;HHITADGFYR
Spl1;Signature_15bact;406,200111;245,132059;b4;#N/A;;HHITADGFYR
Spl1;Signature_15bact;624,346386;982,568006;y9;669043;x;HQVVNDLPLGR
Spl1;Signature_15bact;624,346386;883,499592;y8;390602;;HQVVNDLPLGR
Spl1;Signature_15bact;624,346386;555,361307;y5;800660;;HQVVNDLPLGR
Spl1;Signature_15bact;624,346386;442,277243;y4;359402;;HQVVNDLPLGR
Spl1;Signature_15bact;615,845687;691,377351;y7;#N/A;x;IAAANVPAFTAGK
Spl1;Signature_15bact;615,845687;523,287474;y5;#N/A;;IAAANVPAFTAGK
Spl1;Signature_15bact;615,845687;376,21906;y4;#N/A;;IAAANVPAFTAGK
Spl1;Signature_15bact;615,845687;256,165568;b3;#N/A;;IAAANVPAFTAGK
Spl1;Signature_15bact;622,853512;705,393001;y7;17673108;x;IAAANVPAFVSGK
Spl1;Signature_15bact;622,853512;390,23471;y4;1210400;;IAAANVPAFVSGK
Spl1;Signature_15bact;622,853512;291,166296;y3;3145612;;IAAANVPAFVSGK
Spl1;Signature_15bact;622,853512;256,165568;b3;5476500;;IAAANVPAFVSGK
Spl1;Signature_15bact;581,821346;978,514239;y8;#N/A;x;IAVEEIFDVK
Spl1;Signature_15bact;581,821346;879,445825;y7;#N/A;;IAVEEIFDVK
Spl1;Signature_15bact;581,821346;750,403232;y6;#N/A;;IAVEEIFDVK
Spl1;Signature_15bact;581,821346;508,276575;y4;#N/A;;IAVEEIFDVK
Spl1;Signature_15bact;711,348988;1179,564043;y10;#N/A;;IEDQLGEVAEYR
Spl1;Signature_15bact;711,348988;936,478522;y8;#N/A;;IEDQLGEVAEYR
Spl1;Signature_15bact;711,348988;823,394458;y7;#N/A;x;IEDQLGEVAEYR
Spl1;Signature_15bact;711,348988;637,330401;y5;#N/A;;IEDQLGEVAEYR
Spl1;Signature_15bact;441,774002;769,456664;y7;1229958;;ILEVPVGR
Spl1;Signature_15bact;441,774002;656,3726;y6;8890289;x;ILEVPVGR
Spl1;Signature_15bact;441,774002;527,330007;y5;2507115;;ILEVPVGR
Spl1;Signature_15bact;441,774002;428,261593;y4;5548424;;ILEVPVGR
Spl1;Signature_15bact;585,32987;943,484336;y8;#N/A;x;ILPSIDNLER
Spl1;Signature_15bact;585,32987;846,431572;y7;#N/A;;ILPSIDNLER
Spl1;Signature_15bact;585,32987;759,399543;y6;#N/A;;ILPSIDNLER
Spl1;Signature_15bact;585,32987;531,288536;y4;#N/A;;ILPSIDNLER
Spl1;Signature_15bact;463,295102;812,498864;y7;865863;;IVIERPAK
Spl1;Signature_15bact;463,295102;713,43045;y6;5634461;x;IVIERPAK
Spl1;Signature_15bact;463,295102;600,346386;y5;967339;;IVIERPAK
Spl1;Signature_15bact;463,295102;357,218863;y6;1178575;;IVIERPAK
Spl1;Signature_15bact;470,789318;457,265676;y4;#N/A;x;IVSLAPEVL
Spl1;Signature_15bact;470,789318;300,191782;b3;#N/A;;IVSLAPEVL
Spl1;Signature_15bact;470,789318;413,275846;b4;#N/A;;IVSLAPEVL
Spl1;Signature_15bact;470,789318;484,31296;b5;#N/A;;IVSLAPEVL
Spl1;Signature_15bact;479,271824;773,415194;y7;#N/A;x;LADAIIEGR
Spl1;Signature_15bact;479,271824;658,38825;y6;#N/A;;LADAIIEGR
Spl1;Signature_15bact;479,271824;474,267073;y4;#N/A;;LADAIIEGR
Spl1;Signature_15bact;479,271824;300,155397;b3;#N/A;;LADAIIEGR
Spl1;Signature_15bact;447,810388;781,529435;y7;#N/A;;LAIVPILR
Spl1;Signature_15bact;447,810388;710,492322;y6;#N/A;x;LAIVPILR
Spl1;Signature_15bact;447,810388;597,408258;y5;#N/A;;LAIVPILR
Spl1;Signature_15bact;447,810388;498,339844;y4;#N/A;;LAIVPILR
Spl1;Signature_15bact;793,971813;1190,662694;y11;#N/A;;LAIVTTNSILSDLVK
Spl1;Signature_15bact;793,971813;674,408317;y6;#N/A;;LAIVTTNSILSDLVK
Spl1;Signature_15bact;793,971813;561,324253;y5;#N/A;;LAIVTTNSILSDLVK
Spl1;Signature_15bact;793,971813;298,212518;b3;#N/A;x;LAIVTTNSILSDLVK
Spl1;Signature_15bact;477,292559;769,456664;y7;#N/A;;LALAPVDVR
Spl1;Signature_15bact;477,292559;656,3726;y6;#N/A;;LALAPVDVR
Spl1;Signature_15bact;477,292559;585,335487;y5;#N/A;x;LALAPVDVR
Spl1;Signature_15bact;477,292559;293,171381;y5;#N/A;;LALAPVDVR
Spl1;Signature_15bact;724,393198;1049,526201;y9;1210458;x;LATLPTYEEAIAR
Spl1;Signature_15bact;724,393198;952,473437;y8;80042;;LATLPTYEEAIAR
Spl1;Signature_15bact;724,393198;851,425758;y7;84546;;LATLPTYEEAIAR
Spl1;Signature_15bact;724,393198;286,176132;b3;602108;;LATLPTYEEAIAR
Spl1;Signature_15bact;466,763634;819,435929;y7;#N/A;;LFSEIAPR
Spl1;Signature_15bact;466,763634;672,367515;y6;#N/A;x;LFSEIAPR
Spl1;Signature_15bact;466,763634;456,292893;y4;#N/A;;LFSEIAPR
Spl1;Signature_15bact;466,763634;343,208829;y3;#N/A;;LFSEIAPR
Spl1;Signature_15bact;764,430115;1116,604785;y10;#N/A;;LGIQAFEPVLVEGR
Spl1;Signature_15bact;764,430115;1045,567671;y9;#N/A;x;LGIQAFEPVLVEGR
Spl1;Signature_15bact;764,430115;898,499258;y8;#N/A;;LGIQAFEPVLVEGR
Spl1;Signature_15bact;764,430115;769,456664;y7;#N/A;;LGIQAFEPVLVEGR
Spl1;Signature_15bact;644,356419;989,541457;y9;#N/A;;LGQDVVFPGVTR
Spl1;Signature_15bact;644,356419;775,4461;y7;#N/A;x;LGQDVVFPGVTR
Spl1;Signature_15bact;644,356419;676,377686;y6;#N/A;;LGQDVVFPGVTR
Spl1;Signature_15bact;644,356419;529,309272;y5;#N/A;;LGQDVVFPGVTR
Spl1;Signature_15bact;654,89792;1082,620435;y10;86981;;LLDLAAPDIIVR
Spl1;Signature_15bact;654,89792;854,509428;y8;127292;;LLDLAAPDIIVR
Spl1;Signature_15bact;654,89792;712,435201;y6;220105;x;LLDLAAPDIIVR
Spl1;Signature_15bact;654,89792;342,202347;b3;148940;;LLDLAAPDIIVR
Spl1;Signature_15bact;668,877184;1110,578964;y10;#N/A;x;LLVGSSSEYILR
Spl1;Signature_15bact;668,877184;1011,510551;y9;#N/A;;LLVGSSSEYILR
Spl1;Signature_15bact;668,877184;954,489087;y8;#N/A;;LLVGSSSEYILR
Spl1;Signature_15bact;668,877184;867,457058;y7;#N/A;;LLVGSSSEYILR
Spl1;Signature_15bact;576,31964;853,467898;y7;4115735;x;NAIIFSPHPR
Spl1;Signature_15bact;576,31964;740,383834;y6;3336934;;NAIIFSPHPR
Spl1;Signature_15bact;576,31964;593,31542;y5;1254754;;NAIIFSPHPR
Spl1;Signature_15bact;576,31964;299,171381;b3;4256892;;NAIIFSPHPR
Spl1;Signature_15bact;451,758352;528,314023;y5;3255954;;NFLVPQGK
Spl1;Signature_15bact;451,758352;429,245609;y4;5836424;x;NFLVPQGK
Spl1;Signature_15bact;451,758352;332,192845;y3;218712;;NFLVPQGK
Spl1;Signature_15bact;451,758352;375,202681;b3;2804499;;NFLVPQGK
Spl1;Signature_15bact;585,835122;957,551627;y8;#N/A;x;NVEWVVGVLR
Spl1;Signature_15bact;585,835122;828,509034;y7;#N/A;;NVEWVVGVLR
Spl1;Signature_15bact;585,835122;642,429721;y6;#N/A;;NVEWVVGVLR
Spl1;Signature_15bact;585,835122;543,361307;y5;#N/A;;NVEWVVGVLR
Spl1;Signature_15bact;569,29857;860,483607;y8;#N/A;x;NYTIGDVISR
Spl1;Signature_15bact;569,29857;759,435929;y7;#N/A;;NYTIGDVISR
Spl1;Signature_15bact;569,29857;646,351865;y6;#N/A;;NYTIGDVISR
Spl1;Signature_15bact;569,29857;474,303458;y4;#N/A;;NYTIGDVISR
Spl1;Signature_15bact;524,295299;950,530558;y8;#N/A;;PIITDVYAR
Spl1;Signature_15bact;524,295299;837,446494;y7;#N/A;x;PIITDVYAR
Spl1;Signature_15bact;524,295299;724,36243;y6;#N/A;;PIITDVYAR
Spl1;Signature_15bact;524,295299;508,287808;y4;#N/A;;PIITDVYAR
Spl1;Signature_15bact;598,835319;986,526535;y9;#N/A;;PIITLPDGSQR
Spl1;Signature_15bact;598,835319;873,442471;y8;#N/A;;PIITLPDGSQR
Spl1;Signature_15bact;598,835319;659,310728;y6;#N/A;x;PIITLPDGSQR
Spl1;Signature_15bact;598,835319;447,231021;y4;#N/A;;PIITLPDGSQR
Spl1;Signature_15bact;523,797674;850,466895;y8;#N/A;x;PVVSGAEFLK
Spl1;Signature_15bact;523,797674;751,398481;y7;#N/A;;PVVSGAEFLK
Spl1;Signature_15bact;523,797674;664,366452;y6;#N/A;;PVVSGAEFLK
Spl1;Signature_15bact;523,797674;407,265282;y3;#N/A;;PVVSGAEFLK
Spl1;Signature_15bact;511,311283;723,451185;y6;#N/A;x;QAVPLIQPR
Spl1;Signature_15bact;511,311283;626,398421;y5;#N/A;;QAVPLIQPR
Spl1;Signature_15bact;511,311283;299,171381;b3;#N/A;;QAVPLIQPR
Spl1;Signature_15bact;511,311283;255,157743;b5;#N/A;;QAVPLIQPR
Spl1;Signature_15bact;561,968581;858,49311;y8;#N/A;;RPNTDELGLEELGLK
Spl1;Signature_15bact;561,968581;688,387582;y6;#N/A;;RPNTDELGLEELGLK
Spl1;Signature_15bact;561,968581;584,2787;b5;#N/A;;RPNTDELGLEELGLK
Spl1;Signature_15bact;561,968581;713,321293;b6;#N/A;x;RPNTDELGLEELGLK
Spl1;Signature_15bact;762,886269;1066,589135;y10;#N/A;;SADGQTVTGGSILYR
Spl1;Signature_15bact;762,886269;965,541457;y9;#N/A;;SADGQTVTGGSILYR
Spl1;Signature_15bact;762,886269;866,473043;y8;#N/A;x;SADGQTVTGGSILYR
Spl1;Signature_15bact;762,886269;765,425364;y7;#N/A;;SADGQTVTGGSILYR
Spl1;Signature_15bact;542,277106;782,419551;y6;#N/A;;SDVLFNFNK
Spl1;Signature_15bact;542,277106;669,335487;y5;#N/A;x;SDVLFNFNK
Spl1;Signature_15bact;542,277106;522,267073;y4;#N/A;;SDVLFNFNK
Spl1;Signature_15bact;542,277106;302,134661;b3;#N/A;;SDVLFNFNK
Spl1;Signature_15bact;734,388113;1038,582987;y10;#N/A;x;SGADVSGPIPLPTEK
Spl1;Signature_15bact;734,388113;684,392667;y6;#N/A;;SGADVSGPIPLPTEK
Spl1;Signature_15bact;734,388113;474,255839;y4;#N/A;;SGADVSGPIPLPTEK
Spl1;Signature_15bact;734,388113;331,124825;b4;#N/A;;SGADVSGPIPLPTEK
Spl1;Signature_15bact;653,343509;949,473771;y9;2195848;;SGVLTGLPDAYGR
Spl1;Signature_15bact;653,343509;848,426093;y8;3556476;;SGVLTGLPDAYGR
Spl1;Signature_15bact;653,343509;678,320565;y6;5245824;x;SGVLTGLPDAYGR
Spl1;Signature_15bact;653,343509;466,240858;y4;1728783;;SGVLTGLPDAYGR
Spl1;Signature_15bact;526,292756;851,462144;y7;#N/A;x;SIITDIYAR
Spl1;Signature_15bact;526,292756;738,37808;y6;#N/A;;SIITDIYAR
Spl1;Signature_15bact;526,292756;637,330401;y5;#N/A;;SIITDIYAR
Spl1;Signature_15bact;526,292756;522,303458;y4;#N/A;;SIITDIYAR
Spl1;Signature_15bact;784,408262;842,473043;y9;#N/A;;SQTVHFQGNPVSVQGTIPQAGAK
Spl1;Signature_15bact;784,408262;571,319837;y6;#N/A;x;SQTVHFQGNPVSVQGTIPQAGAK
Spl1;Signature_15bact;784,408262;346,208495;y4;#N/A;;SQTVHFQGNPVSVQGTIPQAGAK
Spl1;Signature_15bact;784,408262;999,464269;b9;#N/A;;SQTVHFQGNPVSVQGTIPQAGAK
Spl1;Signature_15bact;618,326545;830,473043;y7;59566;;STAETIVYSALETLAQR
Spl1;Signature_15bact;618,326545;717,388979;y6;142779;;STAETIVYSALETLAQR
Spl1;Signature_15bact;618,326545;588,346386;y5;126680;;STAETIVYSALETLAQR
Spl1;Signature_15bact;618,326545;374,214643;y3;221763;x;STAETIVYSALETLAQR
Spl1;Signature_15bact;437,74765;430,302396;y4;1401137;;SVEEILGK
Spl1;Signature_15bact;437,74765;317,218332;y3;3556613;;SVEEILGK
Spl1;Signature_15bact;437,74765;215,654836;y4;225670;;SVEEILGK
Spl1;Signature_15bact;437,74765;159,112804;y3;32901294;x;SVEEILGK
Spl1;Signature_15bact;645,843676;1104,579633;y9;#N/A;;SVGELLQNQFR
Spl1;Signature_15bact;645,843676;918,515576;y7;#N/A;;SVGELLQNQFR
Spl1;Signature_15bact;645,843676;805,431512;y6;#N/A;x;SVGELLQNQFR
Spl1;Signature_15bact;645,843676;692,347448;y5;#N/A;;SVGELLQNQFR
Spl1;Signature_15bact;753,917372;1050,594221;y10;#N/A;;TGAQVAGPIPLPTER
Spl1;Signature_15bact;753,917372;979,557107;y9;#N/A;x;TGAQVAGPIPLPTER
Spl1;Signature_15bact;753,917372;922,535643;y8;#N/A;;TGAQVAGPIPLPTER
Spl1;Signature_15bact;753,917372;712,398815;y6;#N/A;;TGAQVAGPIPLPTER
Spl1;Signature_15bact;564,816595;817,441408;y8;#N/A;x;TLPGLASINDK
Spl1;Signature_15bact;564,816595;647,335881;y6;#N/A;;TLPGLASINDK
Spl1;Signature_15bact;564,816595;576,298767;y5;#N/A;;TLPGLASINDK
Spl1;Signature_15bact;564,816595;376,182674;y3;#N/A;;TLPGLASINDK
Spl1;Signature_15bact;556,806562;914,505406;y8;#N/A;;TPEQLANIAR
Spl1;Signature_15bact;556,806562;785,462812;y7;#N/A;;TPEQLANIAR
Spl1;Signature_15bact;556,806562;657,404235;y6;#N/A;;TPEQLANIAR
Spl1;Signature_15bact;556,806562;544,320171;y5;#N/A;x;TPEQLANIAR
Spl1;Signature_15bact;405,231077;476,271489;y4;3206254;x;TSHITVVVTEK
Spl1;Signature_15bact;405,231077;377,203075;y3;3228658;;TSHITVVVTEK
Spl1;Signature_15bact;405,231077;326,145895;b3;688663;;TSHITVVVTEK
Spl1;Signature_15bact;405,231077;439,229959;b4;375422;;TSHITVVVTEK
Spl1;Signature_15bact;603,317294;888,45337;y8;#N/A;;VAFNQAVDSVR
Spl1;Signature_15bact;603,317294;646,351865;y6;#N/A;x;VAFNQAVDSVR
Spl1;Signature_15bact;603,317294;575,314751;y5;#N/A;;VAFNQAVDSVR
Spl1;Signature_15bact;603,317294;361,219394;y3;#N/A;;VAFNQAVDSVR
Spl1;Signature_15bact;586,96383;988,495903;y9;#N/A;;VASLEGDVLGSYQHGAR
Spl1;Signature_15bact;586,96383;875,411839;y8;#N/A;x;VASLEGDVLGSYQHGAR
Spl1;Signature_15bact;586,96383;818,390376;y7;#N/A;;VASLEGDVLGSYQHGAR
Spl1;Signature_15bact;586,96383;440,236441;y4;#N/A;;VASLEGDVLGSYQHGAR
Spl1;Signature_15bact;634,833308;1040,548333;y10;#N/A;;VEGTTPHTITGR
Spl1;Signature_15bact;634,833308;781,431512;y7;#N/A;x;VEGTTPHTITGR
Spl1;Signature_15bact;634,833308;547,319837;y5;#N/A;;VEGTTPHTITGR
Spl1;Signature_15bact;634,833308;391,219394;y7;#N/A;;VEGTTPHTITGR
Spl1;Signature_15bact;797,878444;1253,554541;y11;#N/A;;VEISSDSHPFYTGR
Spl1;Signature_15bact;797,878444;964,463541;y8;#N/A;;VEISSDSHPFYTGR
Spl1;Signature_15bact;797,878444;740,3726;y6;#N/A;x;VEISSDSHPFYTGR
Spl1;Signature_15bact;797,878444;496,251423;y4;#N/A;;VEISSDSHPFYTGR
Spl1;Signature_15bact;564,312011;858,442805;y10;1006374;;VGLIAGSGGGSPR
Spl1;Signature_15bact;564,312011;745,358741;y9;5995617;x;VGLIAGSGGGSPR
Spl1;Signature_15bact;564,312011;674,321627;y8;5949990;;VGLIAGSGGGSPR
Spl1;Signature_15bact;564,312011;270,181218;b3;3454311;;VGLIAGSGGGSPR
Spl1;Signature_15bact;783,958706;1142,605179;y10;#N/A;x;VLVIPTDEELVIAR
Spl1;Signature_15bact;783,958706;829,477794;y7;#N/A;;VLVIPTDEELVIAR
Spl1;Signature_15bact;783,958706;571,392608;y5;#N/A;;VLVIPTDEELVIAR
Spl1;Signature_15bact;783,958706;312,228168;b3;#N/A;;VLVIPTDEELVIAR
Spl1;Signature_15bact;716,375537;1045,563649;y10;#N/A;;VSAENGVLTISGER
Spl1;Signature_15bact;716,375537;931,520721;y9;#N/A;;VSAENGVLTISGER
Spl1;Signature_15bact;716,375537;775,430844;y7;#N/A;x;VSAENGVLTISGER
Spl1;Signature_15bact;716,375537;662,34678;y6;#N/A;;VSAENGVLTISGER
Spl1;Signature_15bact;528,314023;855,504677;y8;#N/A;x;VTPGQVISVR
Spl1;Signature_15bact;528,314023;758,451913;y7;#N/A;;VTPGQVISVR
Spl1;Signature_15bact;528,314023;573,371872;y5;#N/A;;VTPGQVISVR
Spl1;Signature_15bact;528,314023;474,303458;y4;#N/A;;VTPGQVISVR
Spl1;Signature_15bact;618,874779;1038,605454;y10;#N/A;;VVGQLGQILGPR
Spl1;Signature_15bact;618,874779;853,525413;y8;#N/A;;VVGQLGQILGPR
Spl1;Signature_15bact;618,874779;740,441349;y7;#N/A;x;VVGQLGQILGPR
Spl1;Signature_15bact;618,874779;442,277243;y4;#N/A;;VVGQLGQILGPR
Spl1;Signature_15bact;611,866954;1024,589804;y10;8010258;;VVGQLGQVLGPR
Spl1;Signature_15bact;611,866954;839,509763;y8;6240335;;VVGQLGQVLGPR
Spl1;Signature_15bact;611,866954;726,425699;y7;10745764;x;VVGQLGQVLGPR
Spl1;Signature_15bact;611,866954;329,193179;y3;6428027;;VVGQLGQVLGPR
Spl1;Signature_15bact;633,91083;1068,677556;y10;#N/A;;VVVGLLLGEVIR
Spl1;Signature_15bact;633,91083;969,609142;y9;#N/A;;VVVGLLLGEVIR
Spl1;Signature_15bact;633,91083;686,419551;y6;#N/A;;VVVGLLLGEVIR
Spl1;Signature_15bact;633,91083;573,335487;y5;#N/A;x;VVVGLLLGEVIR
Spl1;Signature_15bact;754,380622;1158,611327;y11;#N/A;;WYVIDAEGQTLGR
Spl1;Signature_15bact;754,380622;1059,542913;y10;#N/A;x;WYVIDAEGQTLGR
Spl1;Signature_15bact;754,380622;946,458849;y9;#N/A;;WYVIDAEGQTLGR
Spl1;Signature_15bact;754,380622;831,431906;y8;#N/A;;WYVIDAEGQTLGR
Spl1;Signature_15bact;713,035654;1010,478916;y8;#N/A;;YRPNADILALTFDELTER
Spl1;Signature_15bact;713,035654;717,331464;b6;#N/A;;YRPNADILALTFDELTER
Spl1;Signature_15bact;713,035654;830,415528;b7;#N/A;x;YRPNADILALTFDELTER
Spl1;Signature_15bact;713,035654;1014,536706;b9;#N/A;;YRPNADILALTFDELTER
Spl1;CytoC;390,21224;799,457333;y7;112357;;TGPNLHGLFGR
Spl1;CytoC;390,21224;686,373269;y6;312535;;TGPNLHGLFGR
Spl1;CytoC;390,21224;549,314357;y5;528168;x;TGPNLHGLFGR
Spl1;CytoC;390,21224;492,292893;y4;138524;;TGPNLHGLFGR
Spl1;CytoC;390,227842;648,407923;y6;1215944;;MIFAGIK
Spl1;CytoC;390,227842;535,323859;y5;3876919;x;MIFAGIK
Spl1;CytoC;390,227842;388,255445;y4;404156;;MIFAGIK
Spl1;CytoC;390,227842;520,258816;b5;50672;;MIFAGIK
Spl1;CytoC;403,742171;678,382102;y6;272856;;KYIPGTK
Spl1;CytoC;403,742171;515,318774;y5;212719;;KYIPGTK
Spl1;CytoC;403,742171;402,23471;y4;687670;x;KYIPGTK
Spl1;CytoC;403,742171;305,181946;y3;97666;;KYIPGTK
Spl1;CytoC;482,771125;720,465438;y6;112486;;EDLIAYLK
Spl1;CytoC;482,771125;607,381374;y5;259597;;EDLIAYLK
Spl1;CytoC;482,771125;494,29731;y4;709022;x;EDLIAYLK
Spl1;CytoC;482,771125;423,260196;y3;157326;;EDLIAYLK
Spl1;CytoC;528,926605;798,362824;y7;189253;;KTGQAPGFSYTDANK
Spl1;CytoC;528,926605;711,330795;y6;138070;;KTGQAPGFSYTDANK
Spl1;CytoC;528,926605;548,267467;y5;202392;x;KTGQAPGFSYTDANK
Spl1;CytoC;528,926605;640,3413;b7;132927;;KTGQAPGFSYTDANK
Spl1;CytoC;728,838787;1170,542579;y11;56438;;TGQAPGFSYTDANK
Spl1;CytoC;728,838787;1099,505465;y10;350663;x;TGQAPGFSYTDANK
Spl1;CytoC;728,838787;798,362824;y7;58258;;TGQAPGFSYTDANK
Spl1;CytoC;728,838787;358,17211;b4;186719;;TGQAPGFSYTDANK
Spl2;Signature_15bact;714,37808;858,467957;y9;#N/A;;AAAENIIPNSTGAAK
Spl2;Signature_15bact;714,37808;745,383893;y8;#N/A;x;AAAENIIPNSTGAAK
Spl2;Signature_15bact;714,37808;214,118617;b3;#N/A;;AAAENIIPNSTGAAK
Spl2;Signature_15bact;714,37808;570,288202;b6;#N/A;;AAAENIIPNSTGAAK
Spl2;Signature_15bact;536,31148;858,504343;y8;#N/A;;AAASIVVVDAR
Spl2;Signature_15bact;536,31148;771,472314;y7;#N/A;;AAASIVVVDAR
Spl2;Signature_15bact;536,31148;658,38825;y6;#N/A;x;AAASIVVVDAR
Spl2;Signature_15bact;536,31148;559,319837;y5;#N/A;;AAASIVVVDAR
Spl2;Signature_15bact;685,37534;844,452307;y9;#N/A;;AGAVNIVPNSTGAAK
Spl2;Signature_15bact;685,37534;745,383893;y8;#N/A;x;AGAVNIVPNSTGAAK
Spl2;Signature_15bact;685,37534;200,102967;b3;#N/A;;AGAVNIVPNSTGAAK
Spl2;Signature_15bact;685,37534;299,171381;b4;#N/A;;AGAVNIVPNSTGAAK
Spl2;Signature_15bact;694,344237;1016,5371;y9;#N/A;x;AGGDAPDQTTSIVR
Spl2;Signature_15bact;694,344237;919,484336;y8;#N/A;;AGGDAPDQTTSIVR
Spl2;Signature_15bact;694,344237;804,457393;y7;#N/A;;AGGDAPDQTTSIVR
Spl2;Signature_15bact;694,344237;301,11426;b4;#N/A;;AGGDAPDQTTSIVR
Spl2;Signature_15bact;617,325316;950,453764;y10;#N/A;;AIVAATESGSTAR
Spl2;Signature_15bact;617,325316;879,41665;y9;#N/A;;AIVAATESGSTAR
Spl2;Signature_15bact;617,325316;808,379536;y8;#N/A;x;AIVAATESGSTAR
Spl2;Signature_15bact;617,325316;578,289265;y6;#N/A;;AIVAATESGSTAR
Spl2;Signature_15bact;545,816398;777,46175;y7;#N/A;;ALELIGVGYR
Spl2;Signature_15bact;545,816398;664,377686;y6;#N/A;;ALELIGVGYR
Spl2;Signature_15bact;545,816398;551,293622;y5;#N/A;x;ALELIGVGYR
Spl2;Signature_15bact;545,816398;314,171047;b3;#N/A;;ALELIGVGYR
Spl2;Signature_15bact;541,305666;897,482879;y7;47343;x;ALLDFFLSR
Spl2;Signature_15bact;541,305666;784,398815;y6;33440;;ALLDFFLSR
Spl2;Signature_15bact;541,305666;669,371872;y5;28329;;ALLDFFLSR
Spl2;Signature_15bact;541,305666;522,303458;y4;26151;;ALLDFFLSR
Spl2;Signature_15bact;575,845156;784,45633;y8;1250408;;APVVVPAGVDVK
Spl2;Signature_15bact;575,845156;685,387916;y7;1604787;x;APVVVPAGVDVK
Spl2;Signature_15bact;575,845156;268,165568;b3;1549166;;APVVVPAGVDVK
Spl2;Signature_15bact;575,845156;367,233982;b4;695068;;APVVVPAGVDVK
Spl2;Signature_15bact;604,829703;724,387582;y6;#N/A;x;AQSVVDYLVSK
Spl2;Signature_15bact;604,829703;609,360639;y5;#N/A;;AQSVVDYLVSK
Spl2;Signature_15bact;604,829703;446,29731;y4;#N/A;;AQSVVDYLVSK
Spl2;Signature_15bact;604,829703;333,213246;y3;#N/A;;AQSVVDYLVSK
Spl2;Signature_15bact;639,346051;1078,589135;y9;69123;;AQYVLAEQVTR
Spl2;Signature_15bact;639,346051;915,525807;y8;49043;;AQYVLAEQVTR
Spl2;Signature_15bact;639,346051;816,457393;y7;115135;x;AQYVLAEQVTR
Spl2;Signature_15bact;639,346051;703,373329;y6;98020;;AQYVLAEQVTR
Spl2;Signature_15bact;645,843676;1056,579633;y10;284815;;AYGSTNPINVVR
Spl2;Signature_15bact;645,843676;912,526141;y8;120228;;AYGSTNPINVVR
Spl2;Signature_15bact;645,843676;811,478462;y7;265972;;AYGSTNPINVVR
Spl2;Signature_15bact;645,843676;697,435535;y6;751927;x;AYGSTNPINVVR
Spl2;Signature_15bact;725,839122;1032,485733;y10;#N/A;x;DGFVDGWAQAGTAR
Spl2;Signature_15bact;725,839122;917,45879;y9;#N/A;;DGFVDGWAQAGTAR
Spl2;Signature_15bact;725,839122;674,358013;y7;#N/A;;DGFVDGWAQAGTAR
Spl2;Signature_15bact;725,839122;320,124097;b3;#N/A;;DGFVDGWAQAGTAR
Spl2;Signature_15bact;719,820929;1032,485733;y10;515306;;DGYADGWAQAGTAR
Spl2;Signature_15bact;719,820929;917,45879;y9;589822;;DGYADGWAQAGTAR
Spl2;Signature_15bact;719,820929;674,358013;y7;992609;x;DGYADGWAQAGTAR
Spl2;Signature_15bact;719,820929;475,262322;y5;468950;;DGYADGWAQAGTAR
Spl2;Signature_15bact;466,758018;543,313689;y5;#N/A;x;EFIPAVEK
Spl2;Signature_15bact;466,758018;446,260925;y4;#N/A;;EFIPAVEK
Spl2;Signature_15bact;466,758018;375,223811;y3;#N/A;;EFIPAVEK
Spl2;Signature_15bact;466,758018;272,160482;y5;#N/A;;EFIPAVEK
Spl2;Signature_15bact;599,311007;992,552356;y10;#N/A;;ESQSTTGIGEGIAIPHAK
Spl2;Signature_15bact;599,311007;806,488299;y8;#N/A;;ESQSTTGIGEGIAIPHAK
Spl2;Signature_15bact;599,311007;636,382771;y6;#N/A;;ESQSTTGIGEGIAIPHAK
Spl2;Signature_15bact;599,311007;452,261593;y4;#N/A;x;ESQSTTGIGEGIAIPHAK
Spl2;Signature_15bact;633,838059;1038,557835;y9;#N/A;;EVPVDVQPEVR
Spl2;Signature_15bact;633,838059;842,436657;y7;#N/A;x;EVPVDVQPEVR
Spl2;Signature_15bact;633,838059;727,409714;y6;#N/A;;EVPVDVQPEVR
Spl2;Signature_15bact;633,838059;500,282723;y4;#N/A;;EVPVDVQPEVR
Spl2;Signature_15bact;610,272552;1001,4323;y9;#N/A;;FAEAGSFDYGR
Spl2;Signature_15bact;610,272552;872,389707;y8;#N/A;;FAEAGSFDYGR
Spl2;Signature_15bact;610,272552;801,352593;y7;#N/A;x;FAEAGSFDYGR
Spl2;Signature_15bact;610,272552;395,203744;y3;#N/A;;FAEAGSFDYGR
Spl2;Signature_15bact;702,895908;1014,630606;y10;107757;;FGGESVLAGSIIVR
Spl2;Signature_15bact;702,895908;828,530164;y8;383144;x;FGGESVLAGSIIVR
Spl2;Signature_15bact;702,895908;715,4461;y7;362953;;FGGESVLAGSIIVR
Spl2;Signature_15bact;702,895908;644,408986;y6;429721;;FGGESVLAGSIIVR
Spl2;Signature_15bact;665,327103;810,410442;y8;#N/A;x;FIHHYNFPQFSVGSTGR
Spl2;Signature_15bact;665,327103;663,342029;y7;#N/A;;FIHHYNFPQFSVGSTGR
Spl2;Signature_15bact;665,327103;477,241586;y5;#N/A;;FIHHYNFPQFSVGSTGR
Spl2;Signature_15bact;665,327103;398,218666;b3;#N/A;;FIHHYNFPQFSVGSTGR
Spl2;Signature_15bact;710,862597;1145,590926;y11;#N/A;x;FQAATGQLEQTAR
Spl2;Signature_15bact;710,862597;1074,553812;y10;#N/A;;FQAATGQLEQTAR
Spl2;Signature_15bact;710,862597;1003,516699;y9;#N/A;;FQAATGQLEQTAR
Spl2;Signature_15bact;710,862597;902,46902;y8;#N/A;;FQAATGQLEQTAR
Spl2;Signature_15bact;533,293622;737,405297;y7;644208;;GATVLPHGTGR
Spl2;Signature_15bact;533,293622;624,321233;y6;3456235;x;GATVLPHGTGR
Spl2;Signature_15bact;533,293622;390,209558;y4;370666;;GATVLPHGTGR
Spl2;Signature_15bact;533,293622;230,113532;b3;782745;;GATVLPHGTGR
Spl2;Signature_15bact;482,764166;647,347114;y7;1088707;;GFLIGGTSGR
Spl2;Signature_15bact;482,764166;534,26305;y6;3051545;x;GFLIGGTSGR
Spl2;Signature_15bact;482,764166;477,241586;y5;725693;;GFLIGGTSGR
Spl2;Signature_15bact;482,764166;318,181218;b3;2043109;;GFLIGGTSGR
Spl2;Signature_15bact;670,838256;819,457058;y8;#N/A;;GFTSEITVTSNGK
Spl2;Signature_15bact;670,838256;706,372994;y7;#N/A;x;GFTSEITVTSNGK
Spl2;Signature_15bact;670,838256;506,256902;y5;#N/A;;GFTSEITVTSNGK
Spl2;Signature_15bact;670,838256;405,209223;y4;#N/A;;GFTSEITVTSNGK
Spl2;Signature_15bact;557,816398;944,519993;y8;#N/A;;GIEISVPFPR
Spl2;Signature_15bact;557,816398;815,4774;y7;#N/A;;GIEISVPFPR
Spl2;Signature_15bact;557,816398;702,393336;y6;#N/A;;GIEISVPFPR
Spl2;Signature_15bact;557,816398;516,292893;y4;#N/A;x;GIEISVPFPR
Spl2;Signature_15bact;586,306926;904,448285;y9;#N/A;;GIPANSISAEGR
Spl2;Signature_15bact;586,306926;833,411171;y8;#N/A;x;GIPANSISAEGR
Spl2;Signature_15bact;586,306926;719,368243;y7;#N/A;;GIPANSISAEGR
Spl2;Signature_15bact;586,306926;519,252151;y5;#N/A;;GIPANSISAEGR
Spl2;Signature_15bact;621,974283;1177,548393;y9;#N/A;;GITINTSHIEYETETR
Spl2;Signature_15bact;621,974283;1040,489481;y8;#N/A;;GITINTSHIEYETETR
Spl2;Signature_15bact;621,974283;927,405417;y7;#N/A;x;GITINTSHIEYETETR
Spl2;Signature_15bact;621,974283;798,362824;y6;#N/A;;GITINTSHIEYETETR
Spl2;Signature_15bact;702,865139;1099,585447;y10;#N/A;;GTFANNVNELLGR
Spl2;Signature_15bact;702,865139;1028,548333;y9;#N/A;;GTFANNVNELLGR
Spl2;Signature_15bact;702,865139;701,394064;y6;#N/A;x;GTFANNVNELLGR
Spl2;Signature_15bact;702,865139;458,308544;y4;#N/A;;GTFANNVNELLGR
Spl2;Signature_15bact;406,200111;657,299101;y5;#N/A;;HHITADGFYR
Spl2;Signature_15bact;406,200111;542,272158;y4;#N/A;x;HHITADGFYR
Spl2;Signature_15bact;406,200111;388,209164;b3;#N/A;;HHITADGFYR
Spl2;Signature_15bact;406,200111;245,132059;b4;#N/A;;HHITADGFYR
Spl2;Signature_15bact;624,346386;982,568006;y9;#N/A;x;HQVVNDLPLGR
Spl2;Signature_15bact;624,346386;883,499592;y8;#N/A;;HQVVNDLPLGR
Spl2;Signature_15bact;624,346386;555,361307;y5;#N/A;;HQVVNDLPLGR
Spl2;Signature_15bact;624,346386;442,277243;y4;#N/A;;HQVVNDLPLGR
Spl2;Signature_15bact;615,845687;691,377351;y7;#N/A;x;IAAANVPAFTAGK
Spl2;Signature_15bact;615,845687;523,287474;y5;#N/A;;IAAANVPAFTAGK
Spl2;Signature_15bact;615,845687;376,21906;y4;#N/A;;IAAANVPAFTAGK
Spl2;Signature_15bact;615,845687;256,165568;b3;#N/A;;IAAANVPAFTAGK
Spl2;Signature_15bact;622,853512;705,393001;y7;1007593;x;IAAANVPAFVSGK
Spl2;Signature_15bact;622,853512;390,23471;y4;103143;;IAAANVPAFVSGK
Spl2;Signature_15bact;622,853512;291,166296;y3;176980;;IAAANVPAFVSGK
Spl2;Signature_15bact;622,853512;256,165568;b3;359482;;IAAANVPAFVSGK
Spl2;Signature_15bact;581,821346;978,514239;y8;#N/A;x;IAVEEIFDVK
Spl2;Signature_15bact;581,821346;879,445825;y7;#N/A;;IAVEEIFDVK
Spl2;Signature_15bact;581,821346;750,403232;y6;#N/A;;IAVEEIFDVK
Spl2;Signature_15bact;581,821346;508,276575;y4;#N/A;;IAVEEIFDVK
Spl2;Signature_15bact;711,348988;1179,564043;y10;#N/A;;IEDQLGEVAEYR
Spl2;Signature_15bact;711,348988;936,478522;y8;#N/A;;IEDQLGEVAEYR
Spl2;Signature_15bact;711,348988;823,394458;y7;#N/A;x;IEDQLGEVAEYR
Spl2;Signature_15bact;711,348988;637,330401;y5;#N/A;;IEDQLGEVAEYR
Spl2;Signature_15bact;441,774002;769,456664;y7;362802;;ILEVPVGR
Spl2;Signature_15bact;441,774002;656,3726;y6;3170365;x;ILEVPVGR
Spl2;Signature_15bact;441,774002;527,330007;y5;773223;;ILEVPVGR
Spl2;Signature_15bact;441,774002;428,261593;y4;2008380;;ILEVPVGR
Spl2;Signature_15bact;585,32987;943,484336;y8;#N/A;x;ILPSIDNLER
Spl2;Signature_15bact;585,32987;846,431572;y7;#N/A;;ILPSIDNLER
Spl2;Signature_15bact;585,32987;759,399543;y6;#N/A;;ILPSIDNLER
Spl2;Signature_15bact;585,32987;531,288536;y4;#N/A;;ILPSIDNLER
Spl2;Signature_15bact;463,295102;812,498864;y7;99606;;IVIERPAK
Spl2;Signature_15bact;463,295102;713,43045;y6;569533;x;IVIERPAK
Spl2;Signature_15bact;463,295102;600,346386;y5;159200;;IVIERPAK
Spl2;Signature_15bact;463,295102;357,218863;y6;140940;;IVIERPAK
Spl2;Signature_15bact;470,789318;457,265676;y4;#N/A;x;IVSLAPEVL
Spl2;Signature_15bact;470,789318;300,191782;b3;#N/A;;IVSLAPEVL
Spl2;Signature_15bact;470,789318;413,275846;b4;#N/A;;IVSLAPEVL
Spl2;Signature_15bact;470,789318;484,31296;b5;#N/A;;IVSLAPEVL
Spl2;Signature_15bact;479,271824;773,415194;y7;#N/A;x;LADAIIEGR
Spl2;Signature_15bact;479,271824;658,38825;y6;#N/A;;LADAIIEGR
Spl2;Signature_15bact;479,271824;474,267073;y4;#N/A;;LADAIIEGR
Spl2;Signature_15bact;479,271824;300,155397;b3;#N/A;;LADAIIEGR
Spl2;Signature_15bact;447,810388;781,529435;y7;#N/A;;LAIVPILR
Spl2;Signature_15bact;447,810388;710,492322;y6;#N/A;x;LAIVPILR
Spl2;Signature_15bact;447,810388;597,408258;y5;#N/A;;LAIVPILR
Spl2;Signature_15bact;447,810388;498,339844;y4;#N/A;;LAIVPILR
Spl2;Signature_15bact;793,971813;1190,662694;y11;#N/A;;LAIVTTNSILSDLVK
Spl2;Signature_15bact;793,971813;674,408317;y6;#N/A;;LAIVTTNSILSDLVK
Spl2;Signature_15bact;793,971813;561,324253;y5;#N/A;;LAIVTTNSILSDLVK
Spl2;Signature_15bact;793,971813;298,212518;b3;#N/A;x;LAIVTTNSILSDLVK
Spl2;Signature_15bact;477,292559;769,456664;y7;#N/A;;LALAPVDVR
Spl2;Signature_15bact;477,292559;656,3726;y6;#N/A;;LALAPVDVR
Spl2;Signature_15bact;477,292559;585,335487;y5;#N/A;x;LALAPVDVR
Spl2;Signature_15bact;477,292559;293,171381;y5;#N/A;;LALAPVDVR
Spl2;Signature_15bact;724,393198;1049,526201;y9;#N/A;x;LATLPTYEEAIAR
Spl2;Signature_15bact;724,393198;952,473437;y8;#N/A;;LATLPTYEEAIAR
Spl2;Signature_15bact;724,393198;851,425758;y7;#N/A;;LATLPTYEEAIAR
Spl2;Signature_15bact;724,393198;286,176132;b3;#N/A;;LATLPTYEEAIAR
Spl2;Signature_15bact;466,763634;819,435929;y7;#N/A;;LFSEIAPR
Spl2;Signature_15bact;466,763634;672,367515;y6;#N/A;x;LFSEIAPR
Spl2;Signature_15bact;466,763634;456,292893;y4;#N/A;;LFSEIAPR
Spl2;Signature_15bact;466,763634;343,208829;y3;#N/A;;LFSEIAPR
Spl2;Signature_15bact;764,430115;1116,604785;y10;#N/A;;LGIQAFEPVLVEGR
Spl2;Signature_15bact;764,430115;1045,567671;y9;#N/A;x;LGIQAFEPVLVEGR
Spl2;Signature_15bact;764,430115;898,499258;y8;#N/A;;LGIQAFEPVLVEGR
Spl2;Signature_15bact;764,430115;769,456664;y7;#N/A;;LGIQAFEPVLVEGR
Spl2;Signature_15bact;644,356419;989,541457;y9;#N/A;;LGQDVVFPGVTR
Spl2;Signature_15bact;644,356419;775,4461;y7;#N/A;x;LGQDVVFPGVTR
Spl2;Signature_15bact;644,356419;676,377686;y6;#N/A;;LGQDVVFPGVTR
Spl2;Signature_15bact;644,356419;529,309272;y5;#N/A;;LGQDVVFPGVTR
Spl2;Signature_15bact;654,89792;1082,620435;y10;64916;;LLDLAAPDIIVR
Spl2;Signature_15bact;654,89792;854,509428;y8;120790;;LLDLAAPDIIVR
Spl2;Signature_15bact;654,89792;712,435201;y6;153952;x;LLDLAAPDIIVR
Spl2;Signature_15bact;654,89792;342,202347;b3;122701;;LLDLAAPDIIVR
Spl2;Signature_15bact;668,877184;1110,578964;y10;#N/A;x;LLVGSSSEYILR
Spl2;Signature_15bact;668,877184;1011,510551;y9;#N/A;;LLVGSSSEYILR
Spl2;Signature_15bact;668,877184;954,489087;y8;#N/A;;LLVGSSSEYILR
Spl2;Signature_15bact;668,877184;867,457058;y7;#N/A;;LLVGSSSEYILR
Spl2;Signature_15bact;576,31964;853,467898;y7;387777;x;NAIIFSPHPR
Spl2;Signature_15bact;576,31964;740,383834;y6;374276;;NAIIFSPHPR
Spl2;Signature_15bact;576,31964;593,31542;y5;149055;;NAIIFSPHPR
Spl2;Signature_15bact;576,31964;299,171381;b3;476246;;NAIIFSPHPR
Spl2;Signature_15bact;451,758352;528,314023;y5;1993792;;NFLVPQGK
Spl2;Signature_15bact;451,758352;429,245609;y4;3658232;x;NFLVPQGK
Spl2;Signature_15bact;451,758352;332,192845;y3;164328;;NFLVPQGK
Spl2;Signature_15bact;451,758352;375,202681;b3;1839247;;NFLVPQGK
Spl2;Signature_15bact;585,835122;957,551627;y8;#N/A;x;NVEWVVGVLR
Spl2;Signature_15bact;585,835122;828,509034;y7;#N/A;;NVEWVVGVLR
Spl2;Signature_15bact;585,835122;642,429721;y6;#N/A;;NVEWVVGVLR
Spl2;Signature_15bact;585,835122;543,361307;y5;#N/A;;NVEWVVGVLR
Spl2;Signature_15bact;569,29857;860,483607;y8;#N/A;x;NYTIGDVISR
Spl2;Signature_15bact;569,29857;759,435929;y7;#N/A;;NYTIGDVISR
Spl2;Signature_15bact;569,29857;646,351865;y6;#N/A;;NYTIGDVISR
Spl2;Signature_15bact;569,29857;474,303458;y4;#N/A;;NYTIGDVISR
Spl2;Signature_15bact;524,295299;950,530558;y8;#N/A;;PIITDVYAR
Spl2;Signature_15bact;524,295299;837,446494;y7;#N/A;x;PIITDVYAR
Spl2;Signature_15bact;524,295299;724,36243;y6;#N/A;;PIITDVYAR
Spl2;Signature_15bact;524,295299;508,287808;y4;#N/A;;PIITDVYAR
Spl2;Signature_15bact;598,835319;986,526535;y9;#N/A;;PIITLPDGSQR
Spl2;Signature_15bact;598,835319;873,442471;y8;#N/A;;PIITLPDGSQR
Spl2;Signature_15bact;598,835319;659,310728;y6;#N/A;x;PIITLPDGSQR
Spl2;Signature_15bact;598,835319;447,231021;y4;#N/A;;PIITLPDGSQR
Spl2;Signature_15bact;523,797674;850,466895;y8;#N/A;x;PVVSGAEFLK
Spl2;Signature_15bact;523,797674;751,398481;y7;#N/A;;PVVSGAEFLK
Spl2;Signature_15bact;523,797674;664,366452;y6;#N/A;;PVVSGAEFLK
Spl2;Signature_15bact;523,797674;407,265282;y3;#N/A;;PVVSGAEFLK
Spl2;Signature_15bact;511,311283;723,451185;y6;#N/A;x;QAVPLIQPR
Spl2;Signature_15bact;511,311283;626,398421;y5;#N/A;;QAVPLIQPR
Spl2;Signature_15bact;511,311283;299,171381;b3;#N/A;;QAVPLIQPR
Spl2;Signature_15bact;511,311283;255,157743;b5;#N/A;;QAVPLIQPR
Spl2;Signature_15bact;561,968581;858,49311;y8;#N/A;;RPNTDELGLEELGLK
Spl2;Signature_15bact;561,968581;688,387582;y6;#N/A;;RPNTDELGLEELGLK
Spl2;Signature_15bact;561,968581;584,2787;b5;#N/A;;RPNTDELGLEELGLK
Spl2;Signature_15bact;561,968581;713,321293;b6;#N/A;x;RPNTDELGLEELGLK
Spl2;Signature_15bact;762,886269;1066,589135;y10;#N/A;;SADGQTVTGGSILYR
Spl2;Signature_15bact;762,886269;965,541457;y9;#N/A;;SADGQTVTGGSILYR
Spl2;Signature_15bact;762,886269;866,473043;y8;#N/A;x;SADGQTVTGGSILYR
Spl2;Signature_15bact;762,886269;765,425364;y7;#N/A;;SADGQTVTGGSILYR
Spl2;Signature_15bact;542,277106;782,419551;y6;#N/A;;SDVLFNFNK
Spl2;Signature_15bact;542,277106;669,335487;y5;#N/A;x;SDVLFNFNK
Spl2;Signature_15bact;542,277106;522,267073;y4;#N/A;;SDVLFNFNK
Spl2;Signature_15bact;542,277106;302,134661;b3;#N/A;;SDVLFNFNK
Spl2;Signature_15bact;734,388113;1038,582987;y10;#N/A;x;SGADVSGPIPLPTEK
Spl2;Signature_15bact;734,388113;684,392667;y6;#N/A;;SGADVSGPIPLPTEK
Spl2;Signature_15bact;734,388113;474,255839;y4;#N/A;;SGADVSGPIPLPTEK
Spl2;Signature_15bact;734,388113;331,124825;b4;#N/A;;SGADVSGPIPLPTEK
Spl2;Signature_15bact;653,343509;949,473771;y9;319392;;SGVLTGLPDAYGR
Spl2;Signature_15bact;653,343509;848,426093;y8;712866;;SGVLTGLPDAYGR
Spl2;Signature_15bact;653,343509;678,320565;y6;628568;x;SGVLTGLPDAYGR
Spl2;Signature_15bact;653,343509;466,240858;y4;277017;;SGVLTGLPDAYGR
Spl2;Signature_15bact;526,292756;851,462144;y7;#N/A;x;SIITDIYAR
Spl2;Signature_15bact;526,292756;738,37808;y6;#N/A;;SIITDIYAR
Spl2;Signature_15bact;526,292756;637,330401;y5;#N/A;;SIITDIYAR
Spl2;Signature_15bact;526,292756;522,303458;y4;#N/A;;SIITDIYAR
Spl2;Signature_15bact;784,408262;842,473043;y9;#N/A;;SQTVHFQGNPVSVQGTIPQAGAK
Spl2;Signature_15bact;784,408262;571,319837;y6;#N/A;x;SQTVHFQGNPVSVQGTIPQAGAK
Spl2;Signature_15bact;784,408262;346,208495;y4;#N/A;;SQTVHFQGNPVSVQGTIPQAGAK
Spl2;Signature_15bact;784,408262;999,464269;b9;#N/A;;SQTVHFQGNPVSVQGTIPQAGAK
Spl2;Signature_15bact;618,326545;830,473043;y7;#N/A;;STAETIVYSALETLAQR
Spl2;Signature_15bact;618,326545;717,388979;y6;#N/A;;STAETIVYSALETLAQR
Spl2;Signature_15bact;618,326545;588,346386;y5;#N/A;;STAETIVYSALETLAQR
Spl2;Signature_15bact;618,326545;374,214643;y3;#N/A;x;STAETIVYSALETLAQR
Spl2;Signature_15bact;437,74765;430,302396;y4;1356603;;SVEEILGK
Spl2;Signature_15bact;437,74765;317,218332;y3;2692756;;SVEEILGK
Spl2;Signature_15bact;437,74765;215,654836;y4;552788;;SVEEILGK
Spl2;Signature_15bact;437,74765;159,112804;y3;23461652;x;SVEEILGK
Spl2;Signature_15bact;645,843676;1104,579633;y9;#N/A;;SVGELLQNQFR
Spl2;Signature_15bact;645,843676;918,515576;y7;#N/A;;SVGELLQNQFR
Spl2;Signature_15bact;645,843676;805,431512;y6;#N/A;x;SVGELLQNQFR
Spl2;Signature_15bact;645,843676;692,347448;y5;#N/A;;SVGELLQNQFR
Spl2;Signature_15bact;753,917372;1050,594221;y10;#N/A;;TGAQVAGPIPLPTER
Spl2;Signature_15bact;753,917372;979,557107;y9;#N/A;x;TGAQVAGPIPLPTER
Spl2;Signature_15bact;753,917372;922,535643;y8;#N/A;;TGAQVAGPIPLPTER
Spl2;Signature_15bact;753,917372;712,398815;y6;#N/A;;TGAQVAGPIPLPTER
Spl2;Signature_15bact;564,816595;817,441408;y8;#N/A;x;TLPGLASINDK
Spl2;Signature_15bact;564,816595;647,335881;y6;#N/A;;TLPGLASINDK
Spl2;Signature_15bact;564,816595;576,298767;y5;#N/A;;TLPGLASINDK
Spl2;Signature_15bact;564,816595;376,182674;y3;#N/A;;TLPGLASINDK
Spl2;Signature_15bact;556,806562;914,505406;y8;#N/A;;TPEQLANIAR
Spl2;Signature_15bact;556,806562;785,462812;y7;#N/A;;TPEQLANIAR
Spl2;Signature_15bact;556,806562;657,404235;y6;#N/A;;TPEQLANIAR
Spl2;Signature_15bact;556,806562;544,320171;y5;#N/A;x;TPEQLANIAR
Spl2;Signature_15bact;405,231077;476,271489;y4;1063220;x;TSHITVVVTEK
Spl2;Signature_15bact;405,231077;377,203075;y3;771195;;TSHITVVVTEK
Spl2;Signature_15bact;405,231077;326,145895;b3;239443;;TSHITVVVTEK
Spl2;Signature_15bact;405,231077;439,229959;b4;197388;;TSHITVVVTEK
Spl2;Signature_15bact;603,317294;888,45337;y8;#N/A;;VAFNQAVDSVR
Spl2;Signature_15bact;603,317294;646,351865;y6;#N/A;x;VAFNQAVDSVR
Spl2;Signature_15bact;603,317294;575,314751;y5;#N/A;;VAFNQAVDSVR
Spl2;Signature_15bact;603,317294;361,219394;y3;#N/A;;VAFNQAVDSVR
Spl2;Signature_15bact;586,96383;988,495903;y9;#N/A;;VASLEGDVLGSYQHGAR
Spl2;Signature_15bact;586,96383;875,411839;y8;#N/A;x;VASLEGDVLGSYQHGAR
Spl2;Signature_15bact;586,96383;818,390376;y7;#N/A;;VASLEGDVLGSYQHGAR
Spl2;Signature_15bact;586,96383;440,236441;y4;#N/A;;VASLEGDVLGSYQHGAR
Spl2;Signature_15bact;634,833308;1040,548333;y10;#N/A;;VEGTTPHTITGR
Spl2;Signature_15bact;634,833308;781,431512;y7;#N/A;x;VEGTTPHTITGR
Spl2;Signature_15bact;634,833308;547,319837;y5;#N/A;;VEGTTPHTITGR
Spl2;Signature_15bact;634,833308;391,219394;y7;#N/A;;VEGTTPHTITGR
Spl2;Signature_15bact;797,878444;1253,554541;y11;#N/A;;VEISSDSHPFYTGR
Spl2;Signature_15bact;797,878444;964,463541;y8;#N/A;;VEISSDSHPFYTGR
Spl2;Signature_15bact;797,878444;740,3726;y6;#N/A;x;VEISSDSHPFYTGR
Spl2;Signature_15bact;797,878444;496,251423;y4;#N/A;;VEISSDSHPFYTGR
Spl2;Signature_15bact;564,312011;858,442805;y10;218125;;VGLIAGSGGGSPR
Spl2;Signature_15bact;564,312011;745,358741;y9;1313821;x;VGLIAGSGGGSPR
Spl2;Signature_15bact;564,312011;674,321627;y8;1373036;;VGLIAGSGGGSPR
Spl2;Signature_15bact;564,312011;270,181218;b3;868917;;VGLIAGSGGGSPR
Spl2;Signature_15bact;783,958706;1142,605179;y10;#N/A;x;VLVIPTDEELVIAR
Spl2;Signature_15bact;783,958706;829,477794;y7;#N/A;;VLVIPTDEELVIAR
Spl2;Signature_15bact;783,958706;571,392608;y5;#N/A;;VLVIPTDEELVIAR
Spl2;Signature_15bact;783,958706;312,228168;b3;#N/A;;VLVIPTDEELVIAR
Spl2;Signature_15bact;716,375537;1045,563649;y10;#N/A;;VSAENGVLTISGER
Spl2;Signature_15bact;716,375537;931,520721;y9;#N/A;;VSAENGVLTISGER
Spl2;Signature_15bact;716,375537;775,430844;y7;#N/A;x;VSAENGVLTISGER
Spl2;Signature_15bact;716,375537;662,34678;y6;#N/A;;VSAENGVLTISGER
Spl2;Signature_15bact;528,314023;855,504677;y8;#N/A;x;VTPGQVISVR
Spl2;Signature_15bact;528,314023;758,451913;y7;#N/A;;VTPGQVISVR
Spl2;Signature_15bact;528,314023;573,371872;y5;#N/A;;VTPGQVISVR
Spl2;Signature_15bact;528,314023;474,303458;y4;#N/A;;VTPGQVISVR
Spl2;Signature_15bact;618,874779;1038,605454;y10;#N/A;;VVGQLGQILGPR
Spl2;Signature_15bact;618,874779;853,525413;y8;#N/A;;VVGQLGQILGPR
Spl2;Signature_15bact;618,874779;740,441349;y7;#N/A;x;VVGQLGQILGPR
Spl2;Signature_15bact;618,874779;442,277243;y4;#N/A;;VVGQLGQILGPR
Spl2;Signature_15bact;611,866954;1024,589804;y10;1019193;;VVGQLGQVLGPR
Spl2;Signature_15bact;611,866954;839,509763;y8;789726;;VVGQLGQVLGPR
Spl2;Signature_15bact;611,866954;726,425699;y7;1358942;x;VVGQLGQVLGPR
Spl2;Signature_15bact;611,866954;329,193179;y3;810240;;VVGQLGQVLGPR
Spl2;Signature_15bact;633,91083;1068,677556;y10;#N/A;;VVVGLLLGEVIR
Spl2;Signature_15bact;633,91083;969,609142;y9;#N/A;;VVVGLLLGEVIR
Spl2;Signature_15bact;633,91083;686,419551;y6;#N/A;;VVVGLLLGEVIR
Spl2;Signature_15bact;633,91083;573,335487;y5;#N/A;x;VVVGLLLGEVIR
Spl2;Signature_15bact;754,380622;1158,611327;y11;#N/A;;WYVIDAEGQTLGR
Spl2;Signature_15bact;754,380622;1059,542913;y10;#N/A;x;WYVIDAEGQTLGR
Spl2;Signature_15bact;754,380622;946,458849;y9;#N/A;;WYVIDAEGQTLGR
Spl2;Signature_15bact;754,380622;831,431906;y8;#N/A;;WYVIDAEGQTLGR
Spl2;Signature_15bact;713,035654;1010,478916;y8;#N/A;;YRPNADILALTFDELTER
Spl2;Signature_15bact;713,035654;717,331464;b6;#N/A;;YRPNADILALTFDELTER
Spl2;Signature_15bact;713,035654;830,415528;b7;#N/A;x;YRPNADILALTFDELTER
Spl2;Signature_15bact;713,035654;1014,536706;b9;#N/A;;YRPNADILALTFDELTER
Spl2;CytoC;390,21224;799,457333;y7;59203;;TGPNLHGLFGR
Spl2;CytoC;390,21224;686,373269;y6;190201;;TGPNLHGLFGR
Spl2;CytoC;390,21224;549,314357;y5;338765;x;TGPNLHGLFGR
Spl2;CytoC;390,21224;492,292893;y4;48679;;TGPNLHGLFGR
Spl2;CytoC;390,227842;648,407923;y6;873718;;MIFAGIK
Spl2;CytoC;390,227842;535,323859;y5;2533029;x;MIFAGIK
Spl2;CytoC;390,227842;388,255445;y4;324587;;MIFAGIK
Spl2;CytoC;390,227842;520,258816;b5;21051;;MIFAGIK
Spl2;CytoC;403,742171;678,382102;y6;193818;;KYIPGTK
Spl2;CytoC;403,742171;515,318774;y5;94573;;KYIPGTK
Spl2;CytoC;403,742171;402,23471;y4;581778;x;KYIPGTK
Spl2;CytoC;403,742171;305,181946;y3;53654;;KYIPGTK
Spl2;CytoC;482,771125;720,465438;y6;134048;;EDLIAYLK
Spl2;CytoC;482,771125;607,381374;y5;194567;;EDLIAYLK
Spl2;CytoC;482,771125;494,29731;y4;524070;x;EDLIAYLK
Spl2;CytoC;482,771125;423,260196;y3;161880;;EDLIAYLK
Spl2;CytoC;528,926605;798,362824;y7;82048;;KTGQAPGFSYTDANK
Spl2;CytoC;528,926605;711,330795;y6;73583;;KTGQAPGFSYTDANK
Spl2;CytoC;528,926605;548,267467;y5;83303;x;KTGQAPGFSYTDANK
Spl2;CytoC;528,926605;640,3413;b7;64738;;KTGQAPGFSYTDANK
Spl2;CytoC;728,838787;1170,542579;y11;87961;;TGQAPGFSYTDANK
Spl2;CytoC;728,838787;1099,505465;y10;485546;x;TGQAPGFSYTDANK
Spl2;CytoC;728,838787;798,362824;y7;71320;;TGQAPGFSYTDANK
Spl2;CytoC;728,838787;358,17211;b4;298563;;TGQAPGFSYTDANK
